{"val_loss": 1.1629748821119932, "_timestamp": 1692430355.328537, "_runtime": 48.73152494430542, "_step": 1, "listener_accuracy": 0.30575980392156865, "_wandb": {"runtime": 51}}